-- Migration to seed bus data from CSV
-- Generated by script

TRUNCATE TABLE route_stops CASCADE;
DELETE FROM bus_stops;
DELETE FROM routes;

-- Insert Routes
INSERT INTO routes (id, route_number, route_name, status) VALUES ('88ff962b-5569-4399-901e-65be492fe5eb', 'K1', 'Koridor 1: Pinang Baris - Lapangan Merdeka', 'active');
INSERT INTO routes (id, route_number, route_name, status) VALUES ('69211290-1b9d-414c-9c0c-db2f6c9857c5', 'K2', 'Koridor 2: Amplas - Lapangan Merdeka', 'active');
INSERT INTO routes (id, route_number, route_name, status) VALUES ('4017c27f-2889-4d40-b4ab-e49fc36cc3ba', 'K3', 'Koridor 3: Belawan - Lapangan Merdeka', 'active');
INSERT INTO routes (id, route_number, route_name, status) VALUES ('e3ef797e-f9b3-4b61-895a-6409c4918f94', 'K4', 'Koridor 4: Tuntungan - Lapangan Merdeka', 'active');
INSERT INTO routes (id, route_number, route_name, status) VALUES ('ed15bee4-0787-48b2-b95d-adbd9dc4bd7b', 'K5', 'Koridor 5: Tembung - Lapangan Merdeka', 'active');

-- Insert Stops and Route Stops
INSERT INTO bus_stops (id, name, latitude, longitude, address) VALUES ('127c691b-5d77-471d-928d-7953f86b0db3', 'Terminal Pinang Baris', 3.593800, 98.607400, 'Jl. TB Simatupang, Medan');
INSERT INTO route_stops (route_id, bus_stop_id, stop_order, fare_from_origin) VALUES ('88ff962b-5569-4399-901e-65be492fe5eb', '127c691b-5d77-471d-928d-7953f86b0db3', 1, 0);
INSERT INTO bus_stops (id, name, latitude, longitude, address) VALUES ('28b342b8-923a-4fef-8765-e1e3db5a0fc6', 'Halte Simpang Pinang Baris', 3.592500, 98.611200, 'Jl. TB Simatupang, Medan');
INSERT INTO route_stops (route_id, bus_stop_id, stop_order, fare_from_origin) VALUES ('88ff962b-5569-4399-901e-65be492fe5eb', '28b342b8-923a-4fef-8765-e1e3db5a0fc6', 2, 0);
INSERT INTO bus_stops (id, name, latitude, longitude, address) VALUES ('ecbab9e2-a9d5-44be-90df-28696cb9387b', 'Halte Lotte Mart', 3.590100, 98.618500, 'Jl. Gatot Subroto, Medan');
INSERT INTO route_stops (route_id, bus_stop_id, stop_order, fare_from_origin) VALUES ('88ff962b-5569-4399-901e-65be492fe5eb', 'ecbab9e2-a9d5-44be-90df-28696cb9387b', 3, 0);
INSERT INTO bus_stops (id, name, latitude, longitude, address) VALUES ('7867fcfb-9ba3-4ad8-a34e-954b518ef608', 'Halte Kodam I/BB', 3.588000, 98.625000, 'Jl. Gatot Subroto, Medan');
INSERT INTO route_stops (route_id, bus_stop_id, stop_order, fare_from_origin) VALUES ('88ff962b-5569-4399-901e-65be492fe5eb', '7867fcfb-9ba3-4ad8-a34e-954b518ef608', 4, 0);
INSERT INTO bus_stops (id, name, latitude, longitude, address) VALUES ('c7a8d4e8-86c8-468a-a535-3fb64f4a09cc', 'Halte Imigrasi', 3.587500, 98.632000, 'Jl. Gatot Subroto, Medan');
INSERT INTO route_stops (route_id, bus_stop_id, stop_order, fare_from_origin) VALUES ('88ff962b-5569-4399-901e-65be492fe5eb', 'c7a8d4e8-86c8-468a-a535-3fb64f4a09cc', 5, 0);
INSERT INTO bus_stops (id, name, latitude, longitude, address) VALUES ('fb7394ac-fc7d-4b1e-919a-cd4a73009806', 'Halte Tomang Elok', 3.589000, 98.641000, 'Jl. Gatot Subroto, Medan');
INSERT INTO route_stops (route_id, bus_stop_id, stop_order, fare_from_origin) VALUES ('88ff962b-5569-4399-901e-65be492fe5eb', 'fb7394ac-fc7d-4b1e-919a-cd4a73009806', 6, 0);
INSERT INTO bus_stops (id, name, latitude, longitude, address) VALUES ('f066ebd3-97d1-44e0-b0a3-9aad9bbcb55c', 'Halte RS Advent', 3.591200, 98.652000, 'Jl. Gatot Subroto, Medan');
INSERT INTO route_stops (route_id, bus_stop_id, stop_order, fare_from_origin) VALUES ('88ff962b-5569-4399-901e-65be492fe5eb', 'f066ebd3-97d1-44e0-b0a3-9aad9bbcb55c', 7, 0);
INSERT INTO bus_stops (id, name, latitude, longitude, address) VALUES ('4c96c9ed-414d-4587-829a-cfe9d6a2338d', 'Halte Berastagi Supermarket', 3.592500, 98.658000, 'Jl. Gatot Subroto, Medan');
INSERT INTO route_stops (route_id, bus_stop_id, stop_order, fare_from_origin) VALUES ('88ff962b-5569-4399-901e-65be492fe5eb', '4c96c9ed-414d-4587-829a-cfe9d6a2338d', 8, 0);
INSERT INTO bus_stops (id, name, latitude, longitude, address) VALUES ('4b803cd0-66a1-4ffe-8619-871f26be0b1a', 'Halte Gajah Mada', 3.588500, 98.665000, 'Jl. Gajah Mada, Medan');
INSERT INTO route_stops (route_id, bus_stop_id, stop_order, fare_from_origin) VALUES ('88ff962b-5569-4399-901e-65be492fe5eb', '4b803cd0-66a1-4ffe-8619-871f26be0b1a', 9, 0);
INSERT INTO bus_stops (id, name, latitude, longitude, address) VALUES ('0af29dae-caa5-4683-ae1a-f128c2128e03', 'Halte Cambridge City Square', 3.584500, 98.669500, 'Jl. S. Parman, Medan');
INSERT INTO route_stops (route_id, bus_stop_id, stop_order, fare_from_origin) VALUES ('88ff962b-5569-4399-901e-65be492fe5eb', '0af29dae-caa5-4683-ae1a-f128c2128e03', 10, 0);
INSERT INTO bus_stops (id, name, latitude, longitude, address) VALUES ('5fb6be71-74e8-4aeb-9f0c-80d88254a82a', 'Halte Kantor Walikota', 3.590500, 98.675000, 'Jl. Kapten Maulana Lubis, Medan');
INSERT INTO route_stops (route_id, bus_stop_id, stop_order, fare_from_origin) VALUES ('88ff962b-5569-4399-901e-65be492fe5eb', '5fb6be71-74e8-4aeb-9f0c-80d88254a82a', 11, 0);
INSERT INTO bus_stops (id, name, latitude, longitude, address) VALUES ('4737c498-b87d-42e3-accc-97d944b87ae5', 'Halte Lapangan Merdeka (Pusat)', 3.591500, 98.677500, 'Jl. Balai Kota, Medan');
INSERT INTO route_stops (route_id, bus_stop_id, stop_order, fare_from_origin) VALUES ('88ff962b-5569-4399-901e-65be492fe5eb', '4737c498-b87d-42e3-accc-97d944b87ae5', 12, 0);
INSERT INTO bus_stops (id, name, latitude, longitude, address) VALUES ('3ae7cbab-3bb4-43b3-a41d-dcd48148eacd', 'Terminal Amplas', 3.538500, 98.711500, 'Jl. Panglima Denai, Medan');
INSERT INTO route_stops (route_id, bus_stop_id, stop_order, fare_from_origin) VALUES ('69211290-1b9d-414c-9c0c-db2f6c9857c5', '3ae7cbab-3bb4-43b3-a41d-dcd48148eacd', 1, 0);
INSERT INTO bus_stops (id, name, latitude, longitude, address) VALUES ('6f554800-3c3e-414a-b53d-81b9205500ae', 'Halte ALS', 3.542000, 98.709000, 'Jl. Sisingamangaraja, Medan');
INSERT INTO route_stops (route_id, bus_stop_id, stop_order, fare_from_origin) VALUES ('69211290-1b9d-414c-9c0c-db2f6c9857c5', '6f554800-3c3e-414a-b53d-81b9205500ae', 2, 0);
INSERT INTO bus_stops (id, name, latitude, longitude, address) VALUES ('6382a2de-aabc-4589-92eb-3a399e99727f', 'Halte Simpang Limun', 3.551000, 98.703000, 'Jl. Sisingamangaraja, Medan');
INSERT INTO route_stops (route_id, bus_stop_id, stop_order, fare_from_origin) VALUES ('69211290-1b9d-414c-9c0c-db2f6c9857c5', '6382a2de-aabc-4589-92eb-3a399e99727f', 3, 0);
INSERT INTO bus_stops (id, name, latitude, longitude, address) VALUES ('7cf1c95b-7901-48bd-bed2-a4072fa4bfbf', 'Halte Stadion Teladan', 3.565500, 98.694000, 'Jl. Sisingamangaraja, Medan');
INSERT INTO route_stops (route_id, bus_stop_id, stop_order, fare_from_origin) VALUES ('69211290-1b9d-414c-9c0c-db2f6c9857c5', '7cf1c95b-7901-48bd-bed2-a4072fa4bfbf', 4, 0);
INSERT INTO bus_stops (id, name, latitude, longitude, address) VALUES ('b2835d2a-3a3a-4411-97b5-8242fb32ffce', 'Halte Juanda', 3.572000, 98.689000, 'Jl. Ir. H. Juanda, Medan');
INSERT INTO route_stops (route_id, bus_stop_id, stop_order, fare_from_origin) VALUES ('69211290-1b9d-414c-9c0c-db2f6c9857c5', 'b2835d2a-3a3a-4411-97b5-8242fb32ffce', 5, 0);
INSERT INTO bus_stops (id, name, latitude, longitude, address) VALUES ('2c7778f6-c300-47b3-b85b-c1ae7aa0d081', 'Halte Taman Sri Deli', 3.576500, 98.687000, 'Jl. Mesjid Raya, Medan');
INSERT INTO route_stops (route_id, bus_stop_id, stop_order, fare_from_origin) VALUES ('69211290-1b9d-414c-9c0c-db2f6c9857c5', '2c7778f6-c300-47b3-b85b-c1ae7aa0d081', 6, 0);
INSERT INTO bus_stops (id, name, latitude, longitude, address) VALUES ('057aeb0d-c18d-4d1f-ae9c-852465f4c590', 'Halte Kesawan', 3.589000, 98.679000, 'Jl. Ahmad Yani, Medan');
INSERT INTO route_stops (route_id, bus_stop_id, stop_order, fare_from_origin) VALUES ('69211290-1b9d-414c-9c0c-db2f6c9857c5', '057aeb0d-c18d-4d1f-ae9c-852465f4c590', 7, 0);
INSERT INTO bus_stops (id, name, latitude, longitude, address) VALUES ('070c8d46-50dc-4f3b-bf6f-c2c6ca2863d7', 'Halte Lapangan Merdeka (Pusat)', 3.591500, 98.677500, 'Jl. Balai Kota, Medan');
INSERT INTO route_stops (route_id, bus_stop_id, stop_order, fare_from_origin) VALUES ('69211290-1b9d-414c-9c0c-db2f6c9857c5', '070c8d46-50dc-4f3b-bf6f-c2c6ca2863d7', 8, 0);
INSERT INTO bus_stops (id, name, latitude, longitude, address) VALUES ('1bcc3831-3f74-4c39-b06e-4398da127e02', 'Terminal Belawan', 3.784500, 98.679000, 'Jl. Stasiun, Medan');
INSERT INTO route_stops (route_id, bus_stop_id, stop_order, fare_from_origin) VALUES ('4017c27f-2889-4d40-b4ab-e49fc36cc3ba', '1bcc3831-3f74-4c39-b06e-4398da127e02', 1, 0);
INSERT INTO bus_stops (id, name, latitude, longitude, address) VALUES ('a1dd47a3-be04-4f11-9952-3cb4a435401e', 'Halte Stasiun Belawan', 3.780000, 98.678000, 'Jl. Sumatera, Medan');
INSERT INTO route_stops (route_id, bus_stop_id, stop_order, fare_from_origin) VALUES ('4017c27f-2889-4d40-b4ab-e49fc36cc3ba', 'a1dd47a3-be04-4f11-9952-3cb4a435401e', 2, 0);
INSERT INTO bus_stops (id, name, latitude, longitude, address) VALUES ('071ba385-2031-46d5-bf9b-7f4f60a449b4', 'Halte Simpang Kantor', 3.745000, 98.670000, 'Jl. KL Yos Sudarso, Medan');
INSERT INTO route_stops (route_id, bus_stop_id, stop_order, fare_from_origin) VALUES ('4017c27f-2889-4d40-b4ab-e49fc36cc3ba', '071ba385-2031-46d5-bf9b-7f4f60a449b4', 3, 0);
INSERT INTO bus_stops (id, name, latitude, longitude, address) VALUES ('e07ce8c5-3b3c-4b6f-bfae-56f0d01a7755', 'Halte Pasar Titi Papan', 3.705000, 98.668000, 'Jl. KL Yos Sudarso, Medan');
INSERT INTO route_stops (route_id, bus_stop_id, stop_order, fare_from_origin) VALUES ('4017c27f-2889-4d40-b4ab-e49fc36cc3ba', 'e07ce8c5-3b3c-4b6f-bfae-56f0d01a7755', 4, 0);
INSERT INTO bus_stops (id, name, latitude, longitude, address) VALUES ('c6ed2b5e-8c0d-4d28-9f71-04b802c7720a', 'Halte Simpang Martubung', 3.692000, 98.665000, 'Jl. KL Yos Sudarso, Medan');
INSERT INTO route_stops (route_id, bus_stop_id, stop_order, fare_from_origin) VALUES ('4017c27f-2889-4d40-b4ab-e49fc36cc3ba', 'c6ed2b5e-8c0d-4d28-9f71-04b802c7720a', 5, 0);
INSERT INTO bus_stops (id, name, latitude, longitude, address) VALUES ('826e31b2-1fef-4ae8-9e78-b9f38a5fb407', 'Halte Brayan (Maju Bersama)', 3.628000, 98.673000, 'Jl. KL Yos Sudarso, Medan');
INSERT INTO route_stops (route_id, bus_stop_id, stop_order, fare_from_origin) VALUES ('4017c27f-2889-4d40-b4ab-e49fc36cc3ba', '826e31b2-1fef-4ae8-9e78-b9f38a5fb407', 6, 0);
INSERT INTO bus_stops (id, name, latitude, longitude, address) VALUES ('d100ef6f-094c-4ce9-9b86-50b3fc00d85e', 'Halte Glugur (Putri Hijau)', 3.605000, 98.675000, 'Jl. Putri Hijau, Medan');
INSERT INTO route_stops (route_id, bus_stop_id, stop_order, fare_from_origin) VALUES ('4017c27f-2889-4d40-b4ab-e49fc36cc3ba', 'd100ef6f-094c-4ce9-9b86-50b3fc00d85e', 7, 0);
INSERT INTO bus_stops (id, name, latitude, longitude, address) VALUES ('22934ad8-745c-4332-b23c-f8e2c3a833a6', 'Halte Kantor Pos Besar', 3.593000, 98.676500, 'Jl. Balai Kota, Medan');
INSERT INTO route_stops (route_id, bus_stop_id, stop_order, fare_from_origin) VALUES ('4017c27f-2889-4d40-b4ab-e49fc36cc3ba', '22934ad8-745c-4332-b23c-f8e2c3a833a6', 8, 0);
INSERT INTO bus_stops (id, name, latitude, longitude, address) VALUES ('fa4e63df-4518-4d39-b6d4-96933b9c6198', 'Simpang Tuntungan', 3.505000, 98.595000, 'Jl. Jamin Ginting, Medan');
INSERT INTO route_stops (route_id, bus_stop_id, stop_order, fare_from_origin) VALUES ('e3ef797e-f9b3-4b61-895a-6409c4918f94', 'fa4e63df-4518-4d39-b6d4-96933b9c6198', 1, 0);
INSERT INTO bus_stops (id, name, latitude, longitude, address) VALUES ('ae6eb2b6-a935-4b9f-b393-8d9b87200de1', 'Halte RS Adam Malik', 3.518000, 98.605000, 'Jl. Bunga Lau, Medan');
INSERT INTO route_stops (route_id, bus_stop_id, stop_order, fare_from_origin) VALUES ('e3ef797e-f9b3-4b61-895a-6409c4918f94', 'ae6eb2b6-a935-4b9f-b393-8d9b87200de1', 2, 0);
INSERT INTO bus_stops (id, name, latitude, longitude, address) VALUES ('48f33f95-d062-47e6-88b5-f09400e57455', 'Halte Simpang Selayang', 3.525000, 98.615000, 'Jl. Jamin Ginting, Medan');
INSERT INTO route_stops (route_id, bus_stop_id, stop_order, fare_from_origin) VALUES ('e3ef797e-f9b3-4b61-895a-6409c4918f94', '48f33f95-d062-47e6-88b5-f09400e57455', 3, 0);
INSERT INTO bus_stops (id, name, latitude, longitude, address) VALUES ('fe2e16c6-aade-4f09-a7d6-e75bcf6677a1', 'Halte Simpang Pos', 3.542000, 98.635000, 'Jl. Jamin Ginting, Medan');
INSERT INTO route_stops (route_id, bus_stop_id, stop_order, fare_from_origin) VALUES ('e3ef797e-f9b3-4b61-895a-6409c4918f94', 'fe2e16c6-aade-4f09-a7d6-e75bcf6677a1', 4, 0);
INSERT INTO bus_stops (id, name, latitude, longitude, address) VALUES ('7c06d2cb-5a04-4a55-b97b-6fad2f56c818', 'Halte Citra Garden', 3.548000, 98.642000, 'Jl. Jamin Ginting, Medan');
INSERT INTO route_stops (route_id, bus_stop_id, stop_order, fare_from_origin) VALUES ('e3ef797e-f9b3-4b61-895a-6409c4918f94', '7c06d2cb-5a04-4a55-b97b-6fad2f56c818', 5, 0);
INSERT INTO bus_stops (id, name, latitude, longitude, address) VALUES ('1f380f33-5020-4d18-be64-11c8f7da6640', 'Halte Pajus (USU)', 3.562000, 98.653000, 'Jl. Jamin Ginting, Medan');
INSERT INTO route_stops (route_id, bus_stop_id, stop_order, fare_from_origin) VALUES ('e3ef797e-f9b3-4b61-895a-6409c4918f94', '1f380f33-5020-4d18-be64-11c8f7da6640', 6, 0);
INSERT INTO bus_stops (id, name, latitude, longitude, address) VALUES ('3807b29d-2c5e-49a0-89fb-7a72f49773a3', 'Halte Dr. Mansyur', 3.568000, 98.655000, 'Jl. Dr. Mansyur, Medan');
INSERT INTO route_stops (route_id, bus_stop_id, stop_order, fare_from_origin) VALUES ('e3ef797e-f9b3-4b61-895a-6409c4918f94', '3807b29d-2c5e-49a0-89fb-7a72f49773a3', 7, 0);
INSERT INTO bus_stops (id, name, latitude, longitude, address) VALUES ('8c47d3a9-e74f-4e5d-a444-1d943882a182', 'Halte Iskandar Muda', 3.580000, 98.660000, 'Jl. Iskandar Muda, Medan');
INSERT INTO route_stops (route_id, bus_stop_id, stop_order, fare_from_origin) VALUES ('e3ef797e-f9b3-4b61-895a-6409c4918f94', '8c47d3a9-e74f-4e5d-a444-1d943882a182', 8, 0);
INSERT INTO bus_stops (id, name, latitude, longitude, address) VALUES ('5b2c741e-d3bf-4d36-93b6-5e6c44baa2f2', 'Pasar Tembung (Simpang Jodoh)', 3.595000, 98.740000, 'Jl. Besar Tembung, Deli Serdang');
INSERT INTO route_stops (route_id, bus_stop_id, stop_order, fare_from_origin) VALUES ('ed15bee4-0787-48b2-b95d-adbd9dc4bd7b', '5b2c741e-d3bf-4d36-93b6-5e6c44baa2f2', 1, 0);
INSERT INTO bus_stops (id, name, latitude, longitude, address) VALUES ('5594bde9-70d3-4b3c-acec-e92846c26eb7', 'Halte UNIMED', 3.610000, 98.725000, 'Jl. Williem Iskandar, Medan');
INSERT INTO route_stops (route_id, bus_stop_id, stop_order, fare_from_origin) VALUES ('ed15bee4-0787-48b2-b95d-adbd9dc4bd7b', '5594bde9-70d3-4b3c-acec-e92846c26eb7', 2, 0);
INSERT INTO bus_stops (id, name, latitude, longitude, address) VALUES ('9de8fb90-90ca-4aa8-b643-12904eccf23d', 'Halte RS Haji', 3.605000, 98.720000, 'Jl. RS Haji, Medan');
INSERT INTO route_stops (route_id, bus_stop_id, stop_order, fare_from_origin) VALUES ('ed15bee4-0787-48b2-b95d-adbd9dc4bd7b', '9de8fb90-90ca-4aa8-b643-12904eccf23d', 3, 0);
INSERT INTO bus_stops (id, name, latitude, longitude, address) VALUES ('c73e85d8-b1fb-429b-9e2f-d3a4a810db7f', 'Halte Simpang Aksara', 3.600000, 98.710000, 'Jl. Letda Sujono, Medan');
INSERT INTO route_stops (route_id, bus_stop_id, stop_order, fare_from_origin) VALUES ('ed15bee4-0787-48b2-b95d-adbd9dc4bd7b', 'c73e85d8-b1fb-429b-9e2f-d3a4a810db7f', 4, 0);
INSERT INTO bus_stops (id, name, latitude, longitude, address) VALUES ('3496c70b-1985-40df-b4aa-bb3c3e342a13', 'Halte Sentosa', 3.598000, 98.700000, 'Jl. HM Yamin, Medan');
INSERT INTO route_stops (route_id, bus_stop_id, stop_order, fare_from_origin) VALUES ('ed15bee4-0787-48b2-b95d-adbd9dc4bd7b', '3496c70b-1985-40df-b4aa-bb3c3e342a13', 5, 0);
INSERT INTO bus_stops (id, name, latitude, longitude, address) VALUES ('b0a810e7-0705-4062-9752-18eed1d93d61', 'Halte Moh. Yamin', 3.595000, 98.690000, 'Jl. HM Yamin, Medan');
INSERT INTO route_stops (route_id, bus_stop_id, stop_order, fare_from_origin) VALUES ('ed15bee4-0787-48b2-b95d-adbd9dc4bd7b', 'b0a810e7-0705-4062-9752-18eed1d93d61', 6, 0);
INSERT INTO bus_stops (id, name, latitude, longitude, address) VALUES ('da5b30a3-cdd6-4acb-838b-7ac39bbd19d6', 'Halte Lapangan Merdeka (Pusat)', 3.591500, 98.677500, 'Jl. Balai Kota, Medan');
INSERT INTO route_stops (route_id, bus_stop_id, stop_order, fare_from_origin) VALUES ('ed15bee4-0787-48b2-b95d-adbd9dc4bd7b', 'da5b30a3-cdd6-4acb-838b-7ac39bbd19d6', 7, 0);
